기간,행정구역별,구분,계,0~4세,5~9세,10~14세,15~19세,20~24세,25~29세,30~34세,35~39세,40~44세,45~49세,50~54세,55~59세,60~64세,65~69세,70~74세,75~79세,80~84세,85~89세,90~94세,95~99세,100세 이상
2014,합계,계,"10,369,593","411,132","393,451","459,224","594,242","727,181","793,943","933,328","831,542","922,878","862,244","865,450","801,260","552,102","439,917","345,255","225,363","119,127","58,767","22,532","5,967","4,688"
2014,합계,한국인,"10,103,233","404,369","389,623","456,867","587,646","701,179","756,772","904,291","809,375","897,379","832,090","830,977","773,183","542,953","437,267","344,188","224,660","118,754","58,585","22,462","5,942","4,671"
2014,합계,등록외국인,"266,360","6,763","3,828","2,357","6,596","26,002","37,171","29,037","22,167","25,499","30,154","34,473","28,077","9,149","2,650","1,067",703,373,182,70,25,17
2014,종로구,계,"165,344","4,609","4,991","6,704","9,372","12,979","13,283","12,696","11,242","14,467","14,123","14,388","12,965","8,988","7,748","6,956","4,814","2,663","1,370",606,183,197
2014,종로구,한국인,"156,993","4,445","4,886","6,622","9,004","11,384","11,937","11,826","10,590","13,778","13,428","13,641","12,301","8,775","7,665","6,919","4,798","2,646","1,365",605,182,196
2014,종로구,등록외국인,"8,351",164,105,82,368,"1,595","1,346",870,652,689,695,747,664,213,83,37,16,17,5,1,1,1
2014,중구,계,"136,227","4,806","4,036","4,268","6,026","9,379","10,711","12,125","10,544","11,593","11,074","12,037","11,664","8,004","6,491","5,619","3,866","2,154","1,096",456,148,130
2014,중구,한국인,"128,065","4,582","3,874","4,148","5,754","8,497","9,480","11,236","9,874","10,866","10,292","11,106","10,883","7,733","6,398","5,562","3,833","2,137","1,086",449,147,128
2014,중구,등록외국인,"8,162",224,162,120,272,882,"1,231",889,670,727,782,931,781,271,93,57,33,17,10,7,1,2
2014,용산구,계,"249,914","9,715","9,094","9,744","12,054","15,322","18,528","23,628","20,867","23,210","20,809","20,304","18,678","13,065","10,968","9,637","7,122","3,897","1,997",772,241,262
2014,용산구,한국인,"235,951","8,981","8,380","9,238","11,711","14,560","16,930","21,629","19,100","21,701","19,475","19,194","17,818","12,663","10,796","9,562","7,081","3,880","1,983",768,241,260
2014,용산구,등록외국인,"13,963",734,714,506,343,762,"1,598","1,999","1,767","1,509","1,334","1,110",860,402,172,75,41,17,14,4,-,2
2014,성동구,계,"303,891","12,476","11,142","11,941","15,586","22,051","23,984","27,795","25,405","27,561","24,838","25,662","23,259","15,507","12,639","10,685","7,047","3,630","1,664",653,202,164
2014,성동구,한국인,"296,086","12,311","11,067","11,878","15,318","20,706","22,730","27,016","24,796","26,907","24,135","24,850","22,561","15,247","12,572","10,660","7,036","3,622","1,660",651,200,163
2014,성동구,등록외국인,"7,805",165,75,63,268,"1,345","1,254",779,609,654,703,812,698,260,67,25,11,8,4,2,2,1
2014,광진구,계,"377,375","13,800","12,957","15,655","21,835","29,429","34,374","36,882","29,742","32,695","31,807","32,034","28,644","18,547","14,267","11,051","7,217","3,598","1,801",709,185,146
2014,광진구,한국인,"363,354","13,475","12,819","15,569","21,264","27,248","32,209","35,585","28,851","31,593","30,406","30,177","27,179","18,171","14,181","11,022","7,191","3,583","1,793",707,185,146
2014,광진구,등록외국인,"14,021",325,138,86,571,"2,181","2,165","1,297",891,"1,102","1,401","1,857","1,465",376,86,29,26,15,8,2,-,-
2014,동대문구,계,"376,319","13,944","13,105","14,507","19,477","29,686","30,487","32,616","29,157","31,629","29,306","30,620","29,687","21,183","17,590","15,003","9,852","4,930","2,253",870,208,209
2014,동대문구,한국인,"363,687","13,752","12,997","14,452","18,700","26,391","27,976","31,402","28,397","30,911","28,466","29,645","28,919","20,923","17,513","14,970","9,822","4,919","2,246",869,208,209
2014,동대문구,등록외국인,"12,632",192,108,55,777,"3,295","2,511","1,214",760,718,840,975,768,260,77,33,30,11,7,1,-,-
2014,중랑구,계,"423,411","16,249","14,562","16,680","23,558","29,888","31,089","37,148","31,856","35,423","36,228","38,650","35,813","24,272","19,148","15,061","9,505","4,803","2,299",831,212,136
2014,중랑구,한국인,"418,836","16,148","14,499","16,650","23,505","29,583","30,430","36,577","31,414","34,894","35,655","38,093","35,351","24,118","19,094","15,053","9,498","4,799","2,298",829,212,136
2014,중랑구,등록외국인,"4,575",101,63,30,53,305,659,571,442,529,573,557,462,154,54,8,7,4,1,2,-,-
2014,성북구,계,"475,961","18,782","19,742","21,473","26,191","35,727","35,208","38,849","37,241","44,115","38,502","37,580","35,357","25,128","21,211","18,290","12,100","6,007","2,843","1,037",318,260
2014,성북구,한국인,"466,706","18,612","19,645","21,405","25,580","32,899","33,379","37,951","36,668","43,601","38,023","37,088","34,957","24,969","21,152","18,254","12,080","5,992","2,842","1,034",318,257
2014,성북구,등록외국인,"9,255",170,97,68,611,"2,828","1,829",898,573,514,479,492,400,159,59,36,20,15,1,3,-,3
2014,강북구,계,"338,410","12,156","11,549","13,882","18,515","22,398","22,117","27,251","25,617","29,701","27,984","28,542","27,540","20,317","18,057","15,456","9,588","4,501","2,049",768,212,210
2014,강북구,한국인,"335,025","12,080","11,520","13,864","18,464","22,101","21,591","26,788","25,298","29,407","27,634","28,170","27,183","20,170","18,010","15,443","9,579","4,492","2,046",766,210,209
2014,강북구,등록외국인,"3,385",76,29,18,51,297,526,463,319,294,350,372,357,147,47,13,9,9,3,2,2,1
2014,도봉구,계,"355,712","13,103","13,118","16,439","22,037","25,366","23,616","27,081","25,088","30,530","30,358","31,828","30,393","20,284","15,900","13,334","8,978","4,789","2,338",828,184,120
2014,도봉구,한국인,"353,709","13,069","13,097","16,424","22,007","25,144","23,320","26,803","24,870","30,295","30,159","31,633","30,236","20,214","15,878","13,329","8,974","4,788","2,337",828,184,120
2014,도봉구,등록외국인,"2,003",34,21,15,30,222,296,278,218,235,199,195,157,70,22,5,4,1,1,-,-,-
2014,노원구,계,"586,056","22,576","24,209","33,479","42,751","43,344","36,207","43,487","43,089","54,490","53,258","49,841","43,879","28,966","21,983","18,433","13,021","7,543","3,633","1,374",289,204
2014,노원구,한국인,"582,552","22,511","24,173","33,463","42,560","42,693","35,576","43,065","42,778","54,223","52,962","49,583","43,663","28,891","21,948","18,416","13,012","7,541","3,629","1,374",287,204
2014,노원구,등록외국인,"3,504",65,36,16,191,651,631,422,311,267,296,258,216,75,35,17,9,2,4,-,2,-
2014,은평구,계,"503,243","20,361","19,992","23,137","29,110","32,974","33,177","42,599","40,395","45,986","40,988","41,091","38,817","27,614","23,532","19,463","12,890","6,385","2,983","1,139",279,331
2014,은평구,한국인,"498,644","20,230","19,941","23,079","28,926","32,578","32,475","42,024","39,958","45,555","40,563","40,605","38,395","27,451","23,466","19,431","12,870","6,371","2,979","1,137",279,331
2014,은평구,등록외국인,"4,599",131,51,58,184,396,702,575,437,431,425,486,422,163,66,32,20,14,4,2,-,-
2014,서대문구,계,"320,861","11,397","10,915","13,507","17,996","25,694","25,470","26,432","23,422","27,985","25,989","26,031","24,018","16,696","14,713","13,048","9,485","4,600","2,183",861,234,185
2014,서대문구,한국인,"310,376","11,241","10,765","13,277","17,286","22,911","23,634","25,389","22,812","27,391","25,419","25,353","23,477","16,439","14,573","12,979","9,433","4,568","2,161",854,231,183
2014,서대문구,등록외국인,"10,485",156,150,230,710,"2,783","1,836","1,043",610,594,570,678,541,257,140,69,52,32,22,7,3,2
2014,마포구,계,"395,830","16,258","15,703","16,753","19,990","28,003","33,632","40,162","35,197","37,510","30,755","29,647","26,544","18,316","15,703","13,565","9,383","5,022","2,331",892,246,218
2014,마포구,한국인,"385,439","16,064","15,557","16,618","19,607","26,104","31,811","38,807","34,364","36,716","30,009","28,847","25,835","18,004","15,575","13,510","9,349","4,998","2,318",887,241,218
2014,마포구,등록외국인,"10,391",194,146,135,383,"1,899","1,821","1,355",833,794,746,800,709,312,128,55,34,24,13,5,5,-
2014,양천구,계,"490,708","17,884","21,030","29,169","37,577","35,324","30,785","36,370","34,921","45,667","47,535","44,465","37,217","24,589","17,781","12,930","8,671","4,952","2,561",949,206,125
2014,양천구,한국인,"486,221","17,776","20,989","29,137","37,519","35,096","30,189","35,829","34,461","45,197","46,944","43,860","36,736","24,420","17,721","12,910","8,655","4,943","2,561",948,206,124
2014,양천구,등록외국인,"4,487",108,41,32,58,228,596,541,460,470,591,605,481,169,60,20,16,9,-,1,-,1
2014,강서구,계,"591,653","27,018","23,585","26,302","32,824","40,048","44,315","57,818","50,799","51,002","45,733","48,599","47,045","32,278","24,271","17,154","11,125","6,623","3,393","1,252",285,184
2014,강서구,한국인,"585,160","26,856","23,516","26,267","32,738","39,714","43,493","56,942","50,169","50,357","44,982","47,744","46,297","31,968","24,192","17,103","11,107","6,609","3,390","1,247",285,184
2014,강서구,등록외국인,"6,493",162,69,35,86,334,822,876,630,645,751,855,748,310,79,51,18,14,3,5,-,-
2014,구로구,계,"457,131","21,673","18,105","17,742","21,980","27,676","33,692","43,969","40,643","40,822","36,888","39,316","37,626","25,812","19,768","14,604","9,087","4,569","2,115",738,177,129
2014,구로구,한국인,"425,831","20,865","17,724","17,582","21,733","26,890","30,469","40,940","37,998","37,285","32,253","33,774","33,217","24,486","19,455","14,502","8,990","4,534","2,096",732,177,129
2014,구로구,등록외국인,"31,300",808,381,160,247,786,"3,223","3,029","2,645","3,537","4,635","5,542","4,409","1,326",313,102,97,35,19,6,-,-
2014,금천구,계,"258,030","9,190","8,102","9,361","13,225","17,039","20,227","22,840","19,767","22,348","23,773","25,357","22,390","14,858","11,127","8,595","5,292","2,665","1,185",426,149,114
2014,금천구,한국인,"238,463","8,672","7,910","9,283","13,092","16,608","18,156","20,870","18,122","20,098","20,723","21,949","19,702","14,035","10,949","8,534","5,252","2,644","1,178",424,149,113
2014,금천구,등록외국인,"19,567",518,192,78,133,431,"2,071","1,970","1,645","2,250","3,050","3,408","2,688",823,178,61,40,21,7,2,-,1
2014,영등포구,계,"421,436","17,017","14,566","14,734","19,161","25,279","34,721","40,841","35,370","37,476","35,604","38,174","35,530","23,134","17,889","13,918","9,540","4,838","2,268",888,245,243
2014,영등포구,한국인,"382,352","15,930","14,028","14,533","18,844","24,453","30,558","37,099","32,206","33,094","29,823","31,225","29,872","21,503","17,564","13,777","9,447","4,793","2,238",878,244,243
2014,영등포구,등록외국인,"39,084","1,087",538,201,317,826,"4,163","3,742","3,164","4,382","5,781","6,949","5,658","1,631",325,141,93,45,30,10,1,-
2014,동작구,계,"419,261","17,124","15,251","16,218","20,879","30,592","37,183","40,946","35,110","35,629","31,179","33,008","31,548","22,267","18,898","14,857","9,593","5,124","2,425",959,261,210
2014,동작구,한국인,"407,470","16,870","15,155","16,181","20,601","29,030","35,289","39,886","34,292","34,628","29,824","31,447","30,262","21,858","18,798","14,827","9,568","5,107","2,422",958,258,209
2014,동작구,등록외국인,"11,791",254,96,37,278,"1,562","1,894","1,060",818,"1,001","1,355","1,561","1,286",409,100,30,25,17,3,1,3,1
2014,관악구,계,"531,960","18,694","16,371","17,569","23,838","39,681","58,131","59,833","45,133","44,673","38,717","40,040","38,302","28,401","23,799","18,806","11,056","5,182","2,376",887,248,223
2014,관악구,한국인,"513,186","18,174","16,149","17,490","23,515","38,471","55,438","57,741","43,644","42,791","36,423","37,296","36,074","27,729","23,608","18,748","11,013","5,160","2,369",882,248,223
2014,관악구,등록외국인,"18,774",520,222,79,323,"1,210","2,693","2,092","1,489","1,882","2,294","2,744","2,228",672,191,58,43,22,7,5,-,-
2014,서초구,계,"454,288","21,168","21,579","24,453","28,153","28,928","32,252","41,020","38,876","44,217","38,227","33,781","31,596","22,569","18,469","12,770","7,793","4,390","2,522","1,072",299,154
2014,서초구,한국인,"449,678","21,001","21,391","24,313","28,050","28,744","31,599","40,345","38,321","43,696","37,796","33,359","31,261","22,456","18,405","12,745","7,773","4,385","2,517","1,071",297,153
2014,서초구,등록외국인,"4,610",167,188,140,103,184,653,675,555,521,431,422,335,113,64,25,20,5,5,1,2,1
2014,강남구,계,"583,446","21,978","22,066","29,616","41,409","41,272","45,412","55,839","47,967","52,809","52,336","46,416","40,316","28,566","22,685","15,323","9,201","5,291","3,115","1,282",354,193
2014,강남구,한국인,"578,114","21,867","21,998","29,567","41,295","40,835","44,367","54,914","47,402","52,343","51,917","45,946","39,962","28,410","22,598","15,286","9,185","5,288","3,107","1,281",353,193
2014,강남구,등록외국인,"5,332",111,68,49,114,437,"1,045",925,565,466,419,470,354,156,87,37,16,3,8,1,1,-
2014,송파구,계,"671,794","29,121","28,619","33,778","41,463","45,701","50,414","62,455","55,716","60,696","56,382","55,313","51,675","35,436","25,534","17,329","10,881","6,177","3,304","1,287",338,175
2014,송파구,한국인,"664,738","28,941","28,521","33,733","41,399","45,378","49,442","61,517","55,050","59,916","55,522","54,349","50,878","35,201","25,456","17,299","10,866","6,169","3,302","1,287",337,175
2014,송파구,등록외국인,"7,056",180,98,45,64,323,972,938,666,780,860,964,797,235,78,30,15,8,2,-,1,-
2014,강동구,계,"481,332","20,033","19,062","22,113","29,235","33,401","34,928","42,646","38,378","40,644","39,851","42,726","40,757","27,305","19,746","13,368","8,256","4,794","2,663",996,264,166
2014,강동구,한국인,"476,597","19,916","19,022","22,094","29,174","33,161","34,294","42,110","37,940","40,136","39,257","42,043","40,164","27,119","19,700","13,347","8,248","4,786","2,662",996,263,165
2014,강동구,등록외국인,"4,735",117,40,19,61,240,634,536,438,508,594,683,593,186,46,21,8,8,1,-,1,1
2015,합계,계,"10,297,138","401,736","393,870","420,313","575,896","731,898","780,413","886,056","834,251","882,934","871,552","837,594","817,172","595,890","455,406","348,379","235,634","130,679","62,607","23,280","6,523","5,055"
2015,합계,한국인,"10,022,181","393,903","389,396","417,806","567,984","703,783","743,438","856,461","811,792","859,470","842,139","802,504","785,829","585,240","452,512","347,368","234,999","130,345","62,456","23,212","6,507","5,037"
2015,합계,등록외국인,"274,957","7,833","4,474","2,507","7,912","28,115","36,975","29,595","22,459","23,464","29,413","35,090","31,343","10,650","2,894","1,011",635,334,151,68,16,18
2015,종로구,계,"163,822","4,516","5,008","6,000","9,127","13,416","13,167","12,282","11,071","13,435","14,149","13,956","13,099","9,704","7,759","6,867","4,968","2,871","1,405",589,223,210
2015,종로구,한국인,"154,986","4,353","4,903","5,912","8,635","11,459","11,813","11,398","10,428","12,814","13,474","13,201","12,366","9,478","7,679","6,839","4,953","2,861","1,400",588,223,209
2015,종로구,등록외국인,"8,836",163,105,88,492,"1,957","1,354",884,643,621,675,755,733,226,80,28,15,10,5,1,-,1
2015,중구,계,"134,329","4,564","4,063","3,755","5,791","9,405","10,599","11,682","10,565","10,918","10,994","11,417","11,788","8,486","6,580","5,532","3,935","2,325","1,181",447,162,140
2015,중구,한국인,"125,733","4,295","3,884","3,638","5,467","8,336","9,332","10,727","9,880","10,196","10,240","10,498","10,978","8,181","6,480","5,483","3,902","2,306","1,170",441,162,137
2015,중구,등록외국인,"8,596",269,179,117,324,"1,069","1,267",955,685,722,754,919,810,305,100,49,33,19,11,6,-,3
2015,용산구,계,"247,909","9,572","8,919","9,078","11,644","15,443","18,361","22,198","20,937","22,070","21,162","19,842","19,067","13,901","11,223","9,521","7,268","4,198","2,115",852,247,291
2015,용산구,한국인,"233,342","8,796","8,171","8,548","11,296","14,724","16,727","20,171","19,016","20,486","19,797","18,661","18,099","13,498","11,013","9,443","7,226","4,180","2,107",847,247,289
2015,용산구,등록외국인,"14,567",776,748,530,348,719,"1,634","2,027","1,921","1,584","1,365","1,181",968,403,210,78,42,18,8,5,-,2
2015,성동구,계,"305,065","12,688","11,109","10,863","15,286","22,429","23,964","26,915","25,699","26,311","25,268","25,234","24,177","16,958","13,128","10,680","7,486","3,979","1,820",685,208,178
2015,성동구,한국인,"297,003","12,501","11,017","10,809","14,986","20,956","22,716","26,070","25,124","25,715","24,567","24,438","23,404","16,675","13,039","10,654","7,477","3,971","1,818",683,206,177
2015,성동구,등록외국인,"8,062",187,92,54,300,"1,473","1,248",845,575,596,701,796,773,283,89,26,9,8,2,2,2,1
2015,광진구,계,"375,180","13,483","12,997","14,107","21,061","29,994","33,809","35,633","29,917","31,168","31,993","30,997","29,430","20,223","14,703","11,123","7,544","4,017","1,925",692,209,155
2015,광진구,한국인,"360,369","13,118","12,816","14,022","20,416","27,523","31,540","34,279","29,009","30,177","30,616","29,118","27,780","19,750","14,610","11,098","7,524","4,002","1,921",687,208,155
2015,광진구,등록외국인,"14,811",365,181,85,645,"2,471","2,269","1,354",908,991,"1,377","1,879","1,650",473,93,25,20,15,4,5,1,-
2015,동대문구,계,"373,824","13,487","12,943","13,120","19,328","30,629","30,188","30,587","28,961","30,235","29,597","29,358","30,121","22,780","17,899","15,000","10,327","5,488","2,412",870,266,228
2015,동대문구,한국인,"360,153","13,243","12,827","13,051","18,197","26,761","27,656","29,417","28,164","29,559","28,797","28,382","29,288","22,480","17,803","14,977","10,306","5,476","2,406",869,266,228
2015,동대문구,등록외국인,"13,671",244,116,69,"1,131","3,868","2,532","1,170",797,676,800,976,833,300,96,23,21,12,6,1,-,-
2015,중랑구,계,"418,620","15,889","14,351","14,927","22,342","29,676","30,121","34,830","32,406","33,511","35,834","37,355","36,816","26,467","19,926","15,295","9,891","5,312","2,436",857,231,147
2015,중랑구,한국인,"413,909","15,749","14,261","14,892","22,291","29,404","29,420","34,227","31,966","33,051","35,272","36,776","36,296","26,283","19,875","15,286","9,884","5,307","2,435",856,231,147
2015,중랑구,등록외국인,"4,711",140,90,35,51,272,701,603,440,460,562,579,520,184,51,9,7,5,1,1,-,-
2015,성북구,계,"469,560","18,115","19,463","19,923","25,908","36,329","34,304","36,154","36,430","42,066","39,120","36,025","35,771","26,671","21,443","17,938","12,441","6,723","3,049","1,059",345,283
2015,성북구,한국인,"459,275","17,930","19,362","19,855","24,962","33,007","32,405","35,199","35,800","41,554","38,673","35,534","35,350","26,512","21,373","17,899","12,422","6,709","3,047","1,056",345,281
2015,성북구,등록외국인,"10,285",185,101,68,946,"3,322","1,899",955,630,512,447,491,421,159,70,39,19,14,2,3,-,2
2015,강북구,계,"334,426","11,396","11,394","12,494","17,876","22,835","21,437","25,235","25,180","28,104","28,166","27,790","28,187","21,734","18,401","15,555","10,191","4,984","2,223",783,233,228
2015,강북구,한국인,"330,873","11,300","11,357","12,477","17,808","22,521","20,891","24,731","24,855","27,817","27,820","27,410","27,808","21,575","18,343","15,542","10,183","4,977","2,218",781,232,227
2015,강북구,등록외국인,"3,553",96,37,17,68,314,546,504,325,287,346,380,379,159,58,13,8,7,5,2,1,1
2015,도봉구,계,"353,241","12,733","13,218","14,726","21,128","25,151","23,175","25,739","25,297","28,847","30,659","30,430","31,214","22,334","16,597","13,457","9,495","5,317","2,514",890,196,124
2015,도봉구,한국인,"351,242","12,693","13,197","14,711","21,090","24,946","22,860","25,464","25,086","28,639","30,463","30,234","31,036","22,270","16,571","13,453","9,491","5,315","2,513",890,196,124
2015,도봉구,등록외국인,"1,999",40,21,15,38,205,315,275,211,208,196,196,178,64,26,4,4,2,1,-,-,-
2015,노원구,계,"578,221","21,800","23,760","30,240","41,647","43,383","35,542","40,689","42,448","51,435","53,847","48,039","44,827","31,655","23,171","18,308","13,474","8,119","3,884","1,402",332,219
2015,노원구,한국인,"574,583","21,728","23,724","30,220","41,415","42,714","34,890","40,254","42,141","51,184","53,537","47,783","44,578","31,572","23,139","18,287","13,465","8,117","3,883","1,402",331,219
2015,노원구,등록외국인,"3,638",72,36,20,232,669,652,435,307,251,310,256,249,83,32,21,9,2,1,-,1,-
2015,은평구,계,"502,578","19,622","20,056","21,092","28,622","33,382","32,851","40,297","40,798","44,349","42,097","39,974","39,929","29,756","24,296","19,709","13,664","7,078","3,203","1,172",290,341
2015,은평구,한국인,"497,920","19,482","19,984","21,024","28,432","33,027","32,184","39,680","40,333","43,968","41,663","39,488","39,477","29,568","24,227","19,676","13,641","7,065","3,199","1,171",290,341
2015,은평구,등록외국인,"4,658",140,72,68,190,355,667,617,465,381,434,486,452,188,69,33,23,13,4,1,-,-
2015,서대문구,계,"323,105","11,657","11,136","12,546","17,579","26,611","25,561","25,531","23,982","26,890","26,791","25,474","24,561","18,028","14,984","12,962","9,837","5,237","2,391",890,256,201
2015,서대문구,한국인,"312,141","11,481","10,995","12,343","16,836","23,558","23,589","24,481","23,359","26,316","26,229","24,815","23,983","17,739","14,836","12,880","9,784","5,206","2,374",883,255,199
2015,서대문구,등록외국인,"10,964",176,141,203,743,"3,053","1,972","1,050",623,574,562,659,578,289,148,82,53,31,17,7,1,2
2015,마포구,계,"398,351","16,237","15,717","15,566","19,767","28,948","33,752","39,437","35,546","36,439","31,882","29,163","27,484","19,815","15,826","13,498","9,726","5,581","2,496",947,273,251
2015,마포구,한국인,"387,643","16,024","15,563","15,428","19,316","26,910","31,771","38,105","34,626","35,723","31,179","28,388","26,813","19,449","15,699","13,445","9,698","5,559","2,485",942,270,250
2015,마포구,등록외국인,"10,708",213,154,138,451,"2,038","1,981","1,332",920,716,703,775,671,366,127,53,28,22,11,5,3,1
2015,양천구,계,"489,010","17,876","21,324","27,134","36,312","35,700","30,401","34,936","35,296","43,657","47,748","43,139","38,217","26,872","18,965","13,121","8,985","5,272","2,720",966,236,133
2015,양천구,한국인,"484,532","17,760","21,253","27,109","36,235","35,511","29,830","34,382","34,841","43,223","47,195","42,513","37,702","26,696","18,888","13,107","8,971","5,265","2,718",965,236,132
2015,양천구,등록외국인,"4,478",116,71,25,77,189,571,554,455,434,553,626,515,176,77,14,14,7,2,1,-,1
2015,강서구,계,"595,691","27,034","23,615","24,238","31,882","40,509","44,699","56,217","52,269","50,332","46,383","46,982","48,228","35,353","25,940","17,615","11,748","7,162","3,657","1,311",326,191
2015,강서구,한국인,"589,074","26,848","23,535","24,198","31,800","40,111","43,830","55,335","51,585","49,757","45,660","46,139","47,462","35,022","25,862","17,569","11,729","7,152","3,655","1,308",326,191
2015,강서구,등록외국인,"6,617",186,80,40,82,398,869,882,684,575,723,843,766,331,78,46,19,10,2,3,-,-
2015,구로구,계,"454,604","21,119","18,398","16,353","21,222","27,779","32,784","41,405","40,314","39,256","37,286","38,289","38,940","27,740","20,777","14,877","9,661","5,016","2,300",750,201,137
2015,구로구,한국인,"422,092","20,135","17,894","16,180","20,949","27,108","29,698","38,239","37,684","35,951","32,694","32,543","33,749","26,122","20,438","14,776","9,584","4,983","2,282",745,201,137
2015,구로구,등록외국인,"32,512",984,504,173,273,671,"3,086","3,166","2,630","3,305","4,592","5,746","5,191","1,618",339,101,77,33,18,5,-,-
2015,금천구,계,"256,167","9,183","8,076","8,511","12,459","16,845","19,980","21,690","19,466","21,102","23,404","24,884","23,525","15,972","11,698","8,854","5,561","2,952","1,275",457,144,129
2015,금천구,한국인,"236,284","8,537","7,791","8,424","12,328","16,523","18,027","19,766","17,862","19,044","20,484","21,311","20,431","15,011","11,491","8,795","5,529","2,932","1,272",454,144,128
2015,금천구,등록외국인,"19,883",646,285,87,131,322,"1,953","1,924","1,604","2,058","2,920","3,573","3,094",961,207,59,32,20,3,3,-,1
2015,영등포구,계,"417,811","16,983","14,456","13,428","18,178","25,194","34,053","39,749","35,301","35,486","35,401","36,988","36,415","24,698","18,624","13,955","9,738","5,417","2,357",919,253,218
2015,영등포구,한국인,"378,504","15,705","13,797","13,164","17,865","24,519","30,193","36,007","32,208","31,635","29,858","29,892","30,110","22,712","18,236","13,855","9,647","5,388","2,333",910,252,218
2015,영등포구,등록외국인,"39,307","1,278",659,264,313,675,"3,860","3,742","3,093","3,851","5,543","7,096","6,305","1,986",388,100,91,29,24,9,1,-
2015,동작구,계,"412,774","16,525","15,221","14,870","20,062","30,982","35,604","38,286","34,773","34,056","31,691","31,558","31,850","23,686","19,154","14,867","10,026","5,497","2,575",965,300,226
2015,동작구,한국인,"400,641","16,231","15,111","14,817","19,677","29,290","33,823","37,183","33,960","33,171","30,402","29,966","30,373","23,212","19,047","14,831","10,007","5,485","2,569",964,297,225
2015,동작구,등록외국인,"12,133",294,110,53,385,"1,692","1,781","1,103",813,885,"1,289","1,592","1,477",474,107,36,19,12,6,1,3,1
2015,관악구,계,"529,031","18,185","15,920","16,106","23,009","40,352","58,156","56,988","45,042","42,845","39,184","38,875","39,252","30,132","24,532","18,933","11,788","5,721","2,613",905,250,243
2015,관악구,한국인,"509,663","17,552","15,639","16,000","22,649","39,114","55,468","54,810","43,542","41,206","36,916","36,071","36,701","29,318","24,352","18,870","11,755","5,699","2,606",903,249,243
2015,관악구,등록외국인,"19,368",633,281,106,360,"1,238","2,688","2,178","1,500","1,639","2,268","2,804","2,551",814,180,63,33,22,7,2,1,-
2015,서초구,계,"451,258","20,419","22,079","23,026","27,641","28,806","31,448","38,562","39,418","42,551","39,677","33,063","31,305","23,983","18,833","13,195","8,221","4,804","2,603","1,124",317,183
2015,서초구,한국인,"446,764","20,249","21,910","22,897","27,539","28,619","30,847","37,905","38,844","42,068","39,259","32,620","30,981","23,855","18,775","13,171","8,204","4,800","2,600","1,123",316,182
2015,서초구,등록외국인,"4,494",170,169,129,102,187,601,657,574,483,418,443,324,128,58,24,17,4,3,1,1,1
2015,강남구,계,"581,760","21,917","23,122","27,811","40,394","40,443","44,306","52,913","49,421","51,463","53,580","45,399","39,960","30,701","23,536","15,961","9,902","5,725","3,234","1,363",395,214
2015,강남구,한국인,"576,495","21,816","23,050","27,757","40,292","40,029","43,264","52,005","48,848","50,988","53,149","44,967","39,598","30,541","23,462","15,927","9,884","5,719","3,231","1,360",394,214
2015,강남구,등록외국인,"5,265",101,72,54,102,414,"1,042",908,573,475,431,432,362,160,74,34,18,6,3,3,1,-
2015,송파구,계,"667,480","28,287","28,832","30,823","40,202","45,513","49,339","59,431","56,457","58,384","56,677","53,724","52,590","38,929","26,888","17,981","11,279","6,779","3,435","1,371",359,200
2015,송파구,한국인,"660,302","28,063","28,716","30,776","40,132","45,189","48,427","58,477","55,801","57,664","55,818","52,760","51,706","38,626","26,804","17,949","11,260","6,773","3,431","1,371",359,200
2015,송파구,등록외국인,"7,178",224,116,47,70,324,912,954,656,720,859,964,884,303,84,32,19,6,4,-,-,-
2015,강동구,계,"463,321","18,449","18,693","19,576","27,429","32,144","32,812","38,670","37,257","38,024","38,962","39,639","40,419","29,312","20,523","13,575","8,478","5,105","2,784","1,014",271,185
2015,강동구,한국인,"458,658","18,314","18,639","19,554","27,371","31,924","32,237","38,149","36,830","37,564","38,377","38,996","39,760","29,095","20,470","13,556","8,473","5,098","2,783","1,013",271,184
2015,강동구,등록외국인,"4,663",135,54,22,58,220,575,521,427,460,585,643,659,217,53,19,5,7,1,1,-,1
2016,합계,계,"10,204,057","385,158","389,807","398,660","548,556","723,557","786,192","832,939","839,476","832,729","893,889","805,522","827,159","639,536","451,804","351,562","252,525","141,998","66,212","24,214","7,074","5,488"
2016,합계,한국인,"9,930,616","376,575","384,739","395,786","538,419","690,728","751,973","803,507","817,467","811,751","866,421","770,459","799,578","627,314","448,956","350,580","251,961","141,649","66,067","24,153","7,058","5,475"
2016,합계,등록외국인,"273,441","8,583","5,068","2,874","10,137","32,829","34,219","29,432","22,009","20,978","27,468","35,063","27,581","12,222","2,848",982,564,349,145,61,16,13
2016,종로구,계,"161,922","4,438","4,923","5,552","8,777","13,759","13,088","11,559","11,045","12,194","14,425","13,347","13,342","10,382","7,500","6,661","5,274","3,112","1,487",603,234,220
2016,종로구,한국인,"152,737","4,256","4,783","5,455","8,091","11,379","11,891","10,684","10,379","11,603","13,819","12,620","12,703","10,124","7,411","6,636","5,263","3,104","1,480",602,234,220
2016,종로구,등록외국인,"9,185",182,140,97,686,"2,380","1,197",875,666,591,606,727,639,258,89,25,11,8,7,1,-,-
2016,중구,계,"134,409","4,538","4,080","3,541","5,640","9,600","10,797","11,284","10,827","10,194","11,310","10,948","11,861","9,183","6,497","5,369","4,161","2,521","1,266",474,158,160
2016,중구,한국인,"125,249","4,242","3,875","3,410","5,123","8,216","9,529","10,332","10,107","9,552","10,542","10,024","11,091","8,818","6,399","5,313","4,127","2,502","1,260",469,158,160
2016,중구,등록외국인,"9,160",296,205,131,517,"1,384","1,268",952,720,642,768,924,770,365,98,56,34,19,6,5,-,-
2016,용산구,계,"245,102","9,011","8,802","8,604","11,212","15,281","18,467","21,088","21,061","20,716","21,833","18,974","19,059","15,079","10,886","9,179","7,515","4,570","2,263",921,264,317
2016,용산구,한국인,"230,241","8,286","8,057","8,026","10,789","14,317","16,972","19,032","19,127","19,073","20,424","17,811","18,185","14,595","10,675","9,093","7,477","4,553","2,254",916,264,315
2016,용산구,등록외국인,"14,861",725,745,578,423,964,"1,495","2,056","1,934","1,643","1,409","1,163",874,484,211,86,38,17,9,5,-,2
2016,성동구,계,"307,161","12,703","11,206","10,354","14,511","22,458","24,559","26,365","26,537","25,032","26,266","24,506","24,979","18,423","13,006","10,764","7,997","4,458","1,947",680,211,199
2016,성동구,한국인,"299,259","12,487","11,106","10,299","14,191","20,813","23,383","25,507","25,979","24,526","25,637","23,737","24,334","18,120","12,938","10,734","7,989","4,450","1,944",678,209,198
2016,성동구,등록외국인,"7,902",216,100,55,320,"1,645","1,176",858,558,506,629,769,645,303,68,30,8,8,3,2,2,1
2016,광진구,계,"372,104","13,107","12,741","13,407","19,709","30,188","34,205","33,629","30,401","29,233","32,350","29,851","30,052","21,790","14,486","11,323","8,139","4,365","2,032",693,229,174
2016,광진구,한국인,"357,215","12,690","12,532","13,315","18,945","27,368","32,092","32,302","29,496","28,370","31,069","27,985","28,525","21,234","14,402","11,300","8,121","4,349","2,029",689,228,174
2016,광진구,등록외국인,"14,889",417,209,92,764,"2,820","2,113","1,327",905,863,"1,281","1,866","1,527",556,84,23,18,16,3,4,1,-
2016,동대문구,계,"370,312","12,805","12,689","12,316","18,909","31,339","30,380","28,435","28,841","28,333","30,148","28,133","30,349","24,175","17,598","14,894","11,029","5,938","2,582",889,288,242
2016,동대문구,한국인,"355,069","12,510","12,562","12,232","17,204","26,261","27,808","27,277","28,095","27,737","29,403","27,205","29,629","23,845","17,506","14,867","11,008","5,926","2,577",887,288,242
2016,동대문구,등록외국인,"15,243",295,127,84,"1,705","5,078","2,572","1,158",746,596,745,928,720,330,92,27,21,12,5,2,-,-
2016,중랑구,계,"415,677","15,248","14,195","14,043","20,880","29,020","30,502","32,894","33,080","31,160","36,197","35,853","37,965","28,726","20,010","15,424","10,784","5,789","2,599",897,257,154
2016,중랑구,한국인,"411,005","15,059","14,086","13,992","20,800","28,727","29,833","32,277","32,632","30,787","35,679","35,248","37,524","28,519","19,957","15,415","10,783","5,784","2,596",896,257,154
2016,중랑구,등록외국인,"4,672",189,109,51,80,293,669,617,448,373,518,605,441,207,53,9,1,5,3,1,-,-
2016,성북구,계,"461,617","16,856","18,918","18,993","25,482","36,312","33,896","33,154","35,626","39,017","40,658","34,622","35,735","28,333","20,679","17,665","13,328","7,304","3,281","1,100",352,306
2016,성북구,한국인,"450,355","16,651","18,802","18,925","24,116","32,372","32,003","32,154","35,029","38,544","40,214","34,132","35,378","28,157","20,618","17,629","13,312","7,284","3,279","1,099",352,305
2016,성북구,등록외국인,"11,262",205,116,68,"1,366","3,940","1,893","1,000",597,473,444,490,357,176,61,36,16,20,2,1,-,1
2016,강북구,계,"330,704","10,596","11,170","11,676","16,780","22,374","21,916","23,137","25,076","26,152","28,973","26,727","28,866","23,208","18,224","15,341","11,110","5,658","2,377",844,257,242
2016,강북구,한국인,"327,195","10,504","11,127","11,647","16,704","22,058","21,374","22,650","24,750","25,885","28,653","26,328","28,506","23,045","18,172","15,323","11,103","5,654","2,373",842,256,241
2016,강북구,등록외국인,"3,509",92,43,29,76,316,542,487,326,267,320,399,360,163,52,18,7,4,4,2,1,1
2016,도봉구,계,"350,272","12,178","13,007","13,709","20,064","24,621","23,172","23,892","25,507","26,995","31,139","29,137","31,851","24,490","16,851","13,565","10,269","5,830","2,697",938,231,129
2016,도봉구,한국인,"348,220","12,127","12,979","13,689","20,001","24,350","22,867","23,613","25,303","26,820","30,948","28,955","31,695","24,407","16,819","13,559","10,265","5,829","2,696",938,231,129
2016,도봉구,등록외국인,"2,052",51,28,20,63,271,305,279,204,175,191,182,156,83,32,6,4,1,1,-,-,-
2016,노원구,계,"571,212","21,020","23,150","28,127","39,968","43,265","35,670","37,836","42,257","47,729","55,151","46,281","45,458","34,413","23,344","18,368","14,400","8,616","4,095","1,452",385,227
2016,노원구,한국인,"567,581","20,951","23,100","28,108","39,716","42,548","35,036","37,414","41,931","47,484","54,884","46,023","45,249","34,318","23,312","18,349","14,388","8,613","4,094","1,452",384,227
2016,노원구,등록외국인,"3,631",69,50,19,252,717,634,422,326,245,267,258,209,95,32,19,12,3,1,-,1,-
2016,은평구,계,"495,937","18,371","19,505","20,032","27,196","32,691","33,157","36,619","40,704","41,787","43,518","38,421","40,620","31,859","23,949","19,612","14,673","7,884","3,453","1,210",315,361
2016,은평구,한국인,"491,476","18,242","19,443","19,962","26,995","32,347","32,574","36,008","40,266","41,410","43,079","37,954","40,233","31,659","23,873","19,576","14,649","7,871","3,450","1,209",315,361
2016,은평구,등록외국인,"4,461",129,62,70,201,344,583,611,438,377,439,467,387,200,76,36,24,13,3,1,-,-
2016,서대문구,계,"325,871","11,586","11,216","12,000","17,197","27,074","26,357","24,565","24,662","25,328","28,133","25,005","25,495","19,600","14,697","12,858","10,305","5,886","2,505",904,282,216
2016,서대문구,한국인,"314,194","11,403","11,064","11,821","16,249","23,517","24,297","23,523","24,000","24,815","27,589","24,386","24,965","19,262","14,545","12,780","10,247","5,850","2,486",899,281,215
2016,서대문구,등록외국인,"11,677",183,152,179,948,"3,557","2,060","1,042",662,513,544,619,530,338,152,78,58,36,19,5,1,1
2016,마포구,계,"390,887","15,792","15,278","14,719","18,833","28,519","33,650","37,129","35,243","34,269","33,172","27,748","27,503","20,729","15,176","13,046","10,105","5,822","2,649",931,294,280
2016,마포구,한국인,"379,892","15,560","15,103","14,578","18,268","26,248","31,622","35,720","34,307","33,617","32,486","27,008","26,929","20,386","15,049","13,003","10,074","5,798","2,640",925,292,279
2016,마포구,등록외국인,"10,995",232,175,141,565,"2,271","2,028","1,409",936,652,686,740,574,343,127,43,31,24,9,6,2,1
2016,양천구,계,"481,845","17,288","21,298","25,700","34,263","34,390","30,386","32,732","35,620","40,868","48,282","41,396","38,690","28,869","19,187","13,468","9,537","5,622","2,843",985,267,154
2016,양천구,한국인,"477,739","17,173","21,224","25,667","34,214","34,199","29,917","32,220","35,167","40,472","47,805","40,796","38,275","28,653","19,119","13,453","9,524","5,617","2,840",985,266,153
2016,양천구,등록외국인,"4,106",115,74,33,49,191,469,512,453,396,477,600,415,216,68,15,13,5,3,-,1,1
2016,강서구,계,"602,104","26,863","24,165","23,137","30,547","39,989","46,585","54,568","54,495","49,161","48,130","45,064","49,683","38,655","26,374","18,412","12,760","7,616","3,924","1,399",376,201
2016,강서구,한국인,"595,485","26,646","24,065","23,090","30,460","39,654","45,771","53,646","53,813","48,599","47,424","44,169","48,985","38,274","26,279","18,365","12,741","7,608","3,921","1,399",375,201
2016,강서구,등록외국인,"6,619",217,100,47,87,335,814,922,682,562,706,895,698,381,95,47,19,8,3,-,1,-
2016,구로구,계,"449,600","19,913","18,268","15,598","20,378","27,281","32,584","38,315","39,921","37,568","37,996","37,289","38,962","29,822","20,890","15,299","10,357","5,588","2,397",816,208,150
2016,구로구,한국인,"417,551","18,790","17,639","15,331","20,050","26,616","29,824","35,072","37,329","34,591","33,678","31,318","34,282","27,872","20,552","15,206","10,298","5,555","2,380",810,208,150
2016,구로구,등록외국인,"32,049","1,123",629,267,328,665,"2,760","3,243","2,592","2,977","4,318","5,971","4,680","1,950",338,93,59,33,17,6,-,-
2016,금천구,계,"254,654","9,056","8,007","7,993","11,688","16,459","19,969","20,749","19,505","19,765","23,259","24,552","24,008","17,365","11,875","8,981","6,077","3,223","1,373",462,140,148
2016,금천구,한국인,"235,386","8,311","7,632","7,874","11,543","16,122","18,384","18,822","17,995","17,884","20,495","20,882","21,267","16,199","11,672","8,935","6,053","3,203","1,368",458,140,147
2016,금천구,등록외국인,"19,268",745,375,119,145,337,"1,585","1,927","1,510","1,881","2,764","3,670","2,741","1,166",203,46,24,20,5,4,-,1
2016,영등포구,계,"406,779","16,489","14,103","12,664","17,084","23,928","33,631","37,573","34,940","32,743","35,195","35,055","35,653","25,877","18,162","13,817","10,023","5,950","2,447",926,291,228
2016,영등포구,한국인,"370,613","15,068","13,374","12,337","16,779","23,337","30,612","34,136","32,051","29,494","30,226","28,128","30,222","23,663","17,748","13,716","9,952","5,907","2,429",916,290,228
2016,영등포구,등록외국인,"36,166","1,421",729,327,305,591,"3,019","3,437","2,889","3,249","4,969","6,927","5,431","2,214",414,101,71,43,18,10,1,-
2016,동작구,계,"413,247","16,012","15,201","14,240","19,416","31,299","36,319","36,546","35,107","32,761","32,912","30,517","32,411","25,275","18,969","15,043","10,800","6,110","2,745","1,008",303,253
2016,동작구,한국인,"400,997","15,718","15,056","14,181","18,866","29,154","34,672","35,429","34,334","32,033","31,765","28,897","31,119","24,721","18,866","15,007","10,782","6,098","2,739","1,007",302,251
2016,동작구,등록외국인,"12,250",294,145,59,550,"2,145","1,647","1,117",773,728,"1,147","1,620","1,292",554,103,36,18,12,6,1,1,2
2016,관악구,계,"525,607","17,097","15,595","15,255","21,582","41,008","60,000","53,671","45,017","40,270","40,376","37,583","39,417","31,784","24,402","18,975","13,017","6,265","2,749","1,009",266,269
2016,관악구,한국인,"506,851","16,370","15,284","15,120","21,254","39,635","57,510","51,521","43,595","38,922","38,271","34,718","37,183","30,809","24,225","18,922","12,989","6,242","2,742","1,006",264,269
2016,관악구,등록외국인,"18,756",727,311,135,328,"1,373","2,490","2,150","1,422","1,348","2,105","2,865","2,234",975,177,53,28,23,7,3,2,-
2016,서초구,계,"451,477","19,325","22,452","22,643","26,751","28,330","31,695","36,337","39,709","41,457","41,978","32,311","31,733","25,772","18,608","13,971","8,959","5,099","2,680","1,139",334,194
2016,서초구,한국인,"447,192","19,148","22,292","22,519","26,652","28,108","31,164","35,666","39,133","41,001","41,578","31,910","31,467","25,648","18,569","13,954","8,946","5,094","2,678","1,139",333,193
2016,서초구,등록외국인,"4,285",177,160,124,99,222,531,671,576,456,400,401,266,124,39,17,13,5,2,-,1,1
2016,강남구,계,"572,140","20,342","23,318","26,940","38,324","39,328","43,526","48,499","49,432","49,023","55,395","43,568","39,723","32,791","22,953","16,798","10,716","6,114","3,279","1,392",442,237
2016,강남구,한국인,"567,115","20,235","23,239","26,876","38,220","38,888","42,574","47,580","48,855","48,581","55,010","43,181","39,428","32,626","22,899","16,765","10,704","6,109","3,276","1,391",441,237
2016,강남구,등록외국인,"5,025",107,79,64,104,440,952,919,577,442,385,387,295,165,54,33,12,5,3,1,1,-
2016,송파구,계,"664,946","27,444","28,627","29,212","38,088","44,609","49,518","57,125","57,859","55,625","58,444","51,822","53,623","41,886","27,152","18,700","12,162","7,319","3,663","1,455",391,222
2016,송파구,한국인,"657,831","27,202","28,492","29,157","37,966","44,255","48,619","56,183","57,186","54,982","57,624","50,870","52,838","41,539","27,064","18,670","12,144","7,313","3,659","1,455",391,222
2016,송파구,등록외국인,"7,115",242,135,55,122,354,899,942,673,643,820,952,785,347,88,30,18,6,4,-,-,-
2016,강동구,계,"448,471","17,080","17,893","18,205","25,277","30,435","32,163","35,238","37,004","35,349","38,649","36,812","40,121","31,050","20,329","14,029","9,028","5,339","2,879","1,087",299,205
2016,강동구,한국인,"444,168","16,946","17,823","18,175","25,223","30,239","31,645","34,739","36,608","34,969","38,119","36,174","39,566","30,821","20,287","14,010","9,022","5,336","2,877","1,086",299,204
2016,강동구,등록외국인,"4,303",134,70,30,54,196,518,499,396,380,530,638,555,229,42,19,6,3,2,1,-,1
2017,합계,계,"10,124,579","358,848","383,928","394,060","513,886","710,866","804,676","788,419","843,213","797,861","895,452","788,454","822,599","657,191","465,476","357,537","279,394","152,988","70,628","25,948","7,621","5,534"
2017,합계,한국인,"9,857,426","350,277","378,185","390,804","503,852","674,674","772,441","758,616","820,573","778,634","869,355","757,665","795,878","646,571","462,481","356,509","278,800","152,642","70,471","25,877","7,602","5,519"
2017,합계,등록외국인,"267,153","8,571","5,743","3,256","10,034","36,192","32,235","29,803","22,640","19,227","26,097","30,789","26,721","10,620","2,995","1,028",594,346,157,71,19,15
2017,종로구,계,"164,257","4,277","5,032","5,509","8,418","14,429","13,590","11,486","11,431","11,637","14,535","13,398","13,608","10,725","7,662","6,605","5,872","3,329","1,612",626,250,226
2017,종로구,한국인,"154,770","4,111","4,892","5,413","7,565","11,524","12,383","10,662","10,771","11,112","13,960","12,815","13,042","10,490","7,568","6,581","5,858","3,320","1,602",625,250,226
2017,종로구,등록외국인,"9,487",166,140,96,853,"2,905","1,207",824,660,525,575,583,566,235,94,24,14,9,10,1,-,-
2017,중구,계,"134,593","4,426","4,002","3,544","5,229","9,432","11,294","10,933","11,129","9,819","11,296","10,811","11,779","9,515","6,674","5,341","4,576","2,635","1,321",508,163,166
2017,중구,한국인,"125,709","4,139","3,788","3,379","4,750","7,986","10,116","9,984","10,411","9,206","10,595","9,997","11,025","9,185","6,560","5,294","4,538","2,611","1,313",505,161,166
2017,중구,등록외국인,"8,884",287,214,165,479,"1,446","1,178",949,718,613,701,814,754,330,114,47,38,24,8,3,2,-
2017,용산구,계,"244,444","8,252","8,562","8,426","10,651","15,042","19,675","20,632","21,486","19,459","22,058","18,685","19,099","15,535","10,990","9,014","8,005","4,895","2,395",957,312,314
2017,용산구,한국인,"229,161","7,545","7,765","7,864","10,144","13,997","17,996","18,542","19,474","17,812","20,629","17,575","18,271","15,059","10,775","8,919","7,956","4,876","2,388",950,312,312
2017,용산구,등록외국인,"15,283",707,797,562,507,"1,045","1,679","2,090","2,012","1,647","1,429","1,110",828,476,215,95,49,19,7,7,-,2
2017,성동구,계,"312,711","12,661","11,113","10,355","13,870","22,749","26,099","26,026","27,863","24,488","26,796","24,345","25,594","19,479","13,397","10,895","8,828","4,907","2,098",698,232,218
2017,성동구,한국인,"304,808","12,448","10,989","10,295","13,559","21,011","24,929","25,124","27,272","24,025","26,158","23,660","24,954","19,232","13,325","10,870","8,821","4,900","2,094",697,230,215
2017,성동구,등록외국인,"7,903",213,124,60,311,"1,738","1,170",902,591,463,638,685,640,247,72,25,7,7,4,1,2,3
2017,광진구,계,"372,298","12,351","12,577","13,387","18,322","30,249","35,398","32,573","30,951","28,211","32,203","29,380","30,173","22,570","15,181","11,602","8,995","4,794","2,184",767,253,177
2017,광진구,한국인,"357,703","11,888","12,324","13,257","17,618","27,180","33,369","31,210","29,988","27,455","31,017","27,806","28,708","22,093","15,085","11,576","8,980","4,777","2,180",765,250,177
2017,광진구,등록외국인,"14,595",463,253,130,704,"3,069","2,029","1,363",963,756,"1,186","1,574","1,465",477,96,26,15,17,4,2,3,-
2017,동대문구,계,"366,011","11,776","12,329","12,034","17,530","31,449","30,960","26,567","28,547","26,851","30,122","27,436","29,941","24,751","17,998","14,805","12,158","6,470","2,729",995,317,246
2017,동대문구,한국인,"350,647","11,510","12,184","11,943","15,971","25,790","28,376","25,312","27,815","26,333","29,457","26,692","29,261","24,456","17,901","14,775","12,136","6,456","2,723",993,317,246
2017,동대문구,등록외국인,"15,364",266,145,91,"1,559","5,659","2,584","1,255",732,518,665,744,680,295,97,30,22,14,6,2,-,-
2017,중랑구,계,"412,780","14,242","14,084","13,697","19,016","27,907","31,385","31,193","33,341","29,867","35,613","34,901","38,372","29,900","20,768","15,774","12,185","6,332","2,788",970,280,165
2017,중랑구,한국인,"408,226","14,058","13,960","13,642","18,912","27,572","30,747","30,558","32,890","29,533","35,119","34,377","37,937","29,732","20,717","15,763","12,182","6,329","2,784",969,280,165
2017,중랑구,등록외국인,"4,554",184,124,55,104,335,638,635,451,334,494,524,435,168,51,11,3,3,4,1,-,-
2017,성북구,계,"455,407","15,633","18,321","18,836","24,232","35,952","34,015","30,891","35,240","36,585","41,248","34,139","35,191","28,873","21,052","17,386","14,604","7,847","3,479","1,197",373,313
2017,성북구,한국인,"444,055","15,397","18,202","18,755","23,000","31,660","32,221","29,844","34,603","36,152","40,804","33,714","34,876","28,706","20,991","17,354","14,586","7,833","3,476","1,196",373,312
2017,성북구,등록외국인,"11,352",236,119,81,"1,232","4,292","1,794","1,047",637,433,444,425,315,167,61,32,18,14,3,1,-,1
2017,강북구,계,"328,002","9,699","10,886","11,304","15,622","22,138","22,863","21,437","24,736","24,774","29,044","26,273","28,864","23,832","18,428","15,345","12,535","6,257","2,562",907,278,218
2017,강북구,한국인,"324,479","9,618","10,835","11,275","15,539","21,708","22,304","20,985","24,386","24,529","28,731","25,897","28,544","23,691","18,378","15,322","12,527","6,252","2,559",905,277,217
2017,강북구,등록외국인,"3,523",81,51,29,83,430,559,452,350,245,313,376,320,141,50,23,8,5,3,2,1,1
2017,도봉구,계,"346,234","11,115","12,515","13,353","18,399","23,926","23,673","22,188","25,224","25,488","30,861","28,553","31,712","25,739","17,622","13,713","11,511","6,236","2,973","1,043",249,141
2017,도봉구,한국인,"344,166","11,062","12,483","13,328","18,325","23,675","23,336","21,883","25,015","25,323","30,662","28,383","31,586","25,660","17,594","13,704","11,507","6,235","2,973","1,042",249,141
2017,도봉구,등록외국인,"2,068",53,32,25,74,251,337,305,209,165,199,170,126,79,28,9,4,1,-,1,-,-
2017,노원구,계,"558,075","19,054","22,289","27,109","37,188","42,380","35,805","34,419","41,006","44,544","54,348","45,151","45,015","35,524","24,338","18,450","15,724","9,207","4,360","1,504",421,239
2017,노원구,한국인,"554,403","18,984","22,251","27,088","36,904","41,546","35,192","33,973","40,705","44,297","54,090","44,919","44,842","35,434","24,308","18,432","15,713","9,204","4,359","1,503",421,238
2017,노원구,등록외국인,"3,672",70,38,21,284,834,613,446,301,247,258,232,173,90,30,18,11,3,1,1,-,1
2017,은평구,계,"491,202","16,746","18,882","19,681","25,514","32,040","34,086","34,122","40,175","39,875","44,116","37,954","40,468","32,984","24,228","19,811","16,145","8,650","3,673","1,333",350,369
2017,은평구,한국인,"486,794","16,630","18,806","19,609","25,309","31,695","33,512","33,534","39,679","39,508","43,700","37,538","40,092","32,782","24,149","19,773","16,119","8,641","3,668","1,331",350,369
2017,은평구,등록외국인,"4,408",116,76,72,205,345,574,588,496,367,416,416,376,202,79,38,26,9,5,2,-,-
2017,서대문구,계,"325,028","10,933","11,194","11,695","16,349","27,275","27,098","23,299","24,721","24,195","28,181","24,890","25,617","20,315","14,736","12,778","11,183","6,338","2,712","1,002",290,227
2017,서대문구,한국인,"312,800","10,768","11,035","11,536","15,338","23,148","25,004","22,219","24,027","23,716","27,661","24,359","25,108","19,983","14,579","12,686","11,129","6,301","2,694",994,289,226
2017,서대문구,등록외국인,"12,228",165,159,159,"1,011","4,127","2,094","1,080",694,479,520,531,509,332,157,92,54,37,18,8,1,1
2017,마포구,계,"385,783","14,687","14,759","14,670","17,663","28,163","34,428","34,831","35,091","32,619","33,667","27,276","27,183","21,131","15,222","12,833","10,852","6,309","2,830",949,343,277
2017,마포구,한국인,"374,915","14,479","14,578","14,523","17,136","25,724","32,391","33,533","34,164","31,985","33,009","26,630","26,577","20,830","15,096","12,773","10,821","6,290","2,816",944,340,276
2017,마포구,등록외국인,"10,868",208,181,147,527,"2,439","2,037","1,298",927,634,658,646,606,301,126,60,31,19,14,5,3,1
2017,양천구,계,"475,018","16,103","20,879","25,380","32,048","33,231","30,554","30,219","35,642","38,891","47,743","40,394","38,958","29,742","20,254","13,973","10,367","6,096","3,038","1,055",300,151
2017,양천구,한국인,"471,154","15,993","20,793","25,335","32,003","33,050","30,141","29,715","35,202","38,516","47,296","39,859","38,552","29,563","20,192","13,957","10,359","6,089","3,035","1,055",299,150
2017,양천구,등록외국인,"3,864",110,86,45,45,181,413,504,440,375,447,535,406,179,62,16,8,7,3,-,1,1
2017,강서구,계,"608,255","25,348","24,249","23,001","28,873","39,187","49,661","53,262","56,620","48,599","49,226","44,003","49,742","40,452","27,811","19,541","14,324","8,075","4,166","1,520",400,195
2017,강서구,한국인,"601,691","25,101","24,124","22,956","28,769","38,896","48,899","52,321","55,872","48,069","48,536","43,178","49,016","40,109","27,702","19,503","14,294","8,068","4,164","1,519",400,195
2017,강서구,등록외국인,"6,564",247,125,45,104,291,762,941,748,530,690,825,726,343,109,38,30,7,2,1,-,-
2017,구로구,계,"441,559","18,086","17,914","15,540","19,048","26,267","32,262","35,232","39,432","35,924","38,106","35,896","38,624","30,434","21,327","15,819","11,743","6,074","2,553",897,231,150
2017,구로구,한국인,"410,742","16,873","17,196","15,171","18,741","25,645","29,929","31,913","36,666","33,241","33,886","30,594","33,993","28,681","20,969","15,713","11,682","6,043","2,534",891,231,150
2017,구로구,등록외국인,"30,817","1,213",718,369,307,622,"2,333","3,319","2,766","2,683","4,220","5,302","4,631","1,753",358,106,61,31,19,6,-,-
2017,금천구,계,"253,491","8,593","8,147","7,784","10,772","16,014","20,423","20,234","19,915","18,808","22,911","23,509","24,546","17,665","12,321","9,118","6,989","3,425","1,523",486,167,141
2017,금천구,한국인,"235,154","7,786","7,664","7,629","10,636","15,729","19,064","18,282","18,300","17,125","20,233","20,260","21,846","16,758","12,098","9,069","6,962","3,408","1,517",481,167,140
2017,금천구,등록외국인,"18,337",807,483,155,136,285,"1,359","1,952","1,615","1,683","2,678","3,249","2,700",907,223,49,27,17,6,5,-,1
2017,영등포구,계,"402,024","15,704","13,889","12,457","15,891","23,481","33,896","36,552","35,364","31,334","34,853","33,569","34,978","26,075","18,477","13,902","11,033","6,388","2,671",975,301,234
2017,영등포구,한국인,"368,550","14,330","13,046","12,030","15,603","22,917","31,429","33,022","32,490","28,471","30,238","27,591","29,864","24,220","18,043","13,800","10,956","6,353","2,652",962,299,234
2017,영등포구,등록외국인,"33,474","1,374",843,427,288,564,"2,467","3,530","2,874","2,863","4,615","5,978","5,114","1,855",434,102,77,35,19,13,2,-
2017,동작구,계,"408,493","14,807","14,890","14,038","18,331","31,301","36,702","34,280","34,723","31,410","32,975","29,726","32,170","25,885","19,086","15,136","11,954","6,516","2,939","1,063",315,246
2017,동작구,한국인,"396,217","14,515","14,726","13,969","17,778","28,599","35,176","33,137","33,987","30,759","31,918","28,287","30,874","25,421","18,980","15,098","11,941","6,499","2,933","1,062",314,244
2017,동작구,등록외국인,"12,276",292,164,69,553,"2,702","1,526","1,143",736,651,"1,057","1,439","1,296",464,106,38,13,17,6,1,1,2
2017,관악구,계,"520,929","15,538","15,038","14,749","20,082","40,833","62,559","51,095","45,045","38,201","40,195","36,349","39,313","31,886","24,753","19,114","14,665","6,928","2,959","1,054",300,273
2017,관악구,한국인,"503,297","14,858","14,675","14,577","19,788","39,452","60,338","48,985","43,569","36,991","38,347","33,896","37,045","31,047","24,557","19,061","14,635","6,903","2,951","1,050",299,273
2017,관악구,등록외국인,"17,632",680,363,172,294,"1,381","2,221","2,110","1,476","1,210","1,848","2,453","2,268",839,196,53,30,25,8,4,1,-
2017,서초구,계,"445,401","17,417","22,360","22,771","25,470","27,414","31,819","33,723","39,061","40,042","42,631","32,349","30,876","26,263","18,901","14,518","9,825","5,477","2,754","1,227",322,181
2017,서초구,한국인,"441,102","17,234","22,169","22,640","25,357","27,132","31,335","33,023","38,507","39,572","42,245","31,984","30,639","26,146","18,853","14,500","9,814","5,472","2,753","1,225",321,181
2017,서초구,등록외국인,"4,299",183,191,131,113,282,484,700,554,470,386,365,237,117,48,18,11,5,1,2,1,-
2017,강남구,계,"561,052","18,374","23,210","27,231","35,880","37,714","43,060","44,424","48,713","47,556","55,328","43,257","38,360","32,885","23,751","17,572","11,706","6,407","3,463","1,480",447,234
2017,강남구,한국인,"556,164","18,281","23,136","27,174","35,779","37,259","42,133","43,516","48,129","47,126","54,967","42,895","38,088","32,735","23,691","17,542","11,693","6,400","3,461","1,479",446,234
2017,강남구,등록외국인,"4,888",93,74,57,101,455,927,908,584,430,361,362,272,150,60,30,13,7,2,1,1,-
2017,송파구,계,"671,173","26,782","28,968","29,447","36,206","43,833","51,333","55,827","60,112","54,361","59,307","51,362","53,361","43,692","29,171","19,972","13,483","7,781","3,917","1,607",425,226
2017,송파구,한국인,"664,496","26,549","28,816","29,390","36,089","43,494","50,553","54,883","59,420","53,827","58,525","50,466","52,630","43,412","29,088","19,944","13,464","7,773","3,915","1,607",425,226
2017,송파구,등록외국인,"6,677",233,152,57,117,339,780,944,692,534,782,896,731,280,83,28,19,8,2,-,-,-
2017,강동구,계,"440,359","16,244","17,839","18,062","23,282","28,460","32,038","32,974","37,645","34,323","38,089","34,848","39,055","31,339","21,328","14,520","10,132","5,615","2,929","1,128",302,207
2017,강동구,한국인,"436,223","16,120","17,748","18,026","23,239","28,285","31,568","32,456","37,231","33,951","37,572","34,293","38,508","31,146","21,282","14,500","10,127","5,609","2,927","1,127",302,206
2017,강동구,등록외국인,"4,136",124,91,36,43,175,470,518,414,372,517,555,547,193,46,20,5,6,2,1,-,1
2018,합계,계,"10,049,607","333,043","372,029","384,062","484,736","701,582","822,598","760,647","842,013","753,996","882,406","798,088","812,567","685,709","471,878","373,369","289,214","164,850","74,569","27,874","8,515","5,862"
2018,합계,한국인,"9,765,623","324,470","365,898","380,366","474,755","658,915","790,875","730,349","818,421","734,337","856,037","766,952","780,002","673,949","468,466","372,218","288,607","164,475","74,394","27,804","8,490","5,843"
2018,합계,등록외국인,"283,984","8,573","6,131","3,696","9,981","42,667","31,723","30,298","23,592","19,659","26,369","31,136","32,565","11,760","3,412","1,151",607,375,175,70,25,19
2018,종로구,계,"163,026","4,041","4,871","5,416","7,851","14,485","13,804","11,150","11,571","10,781","14,163","13,355","13,587","11,209","7,755","6,596","5,964","3,549","1,686",692,269,231
2018,종로구,한국인,"153,065","3,873","4,715","5,316","7,067","11,176","12,589","10,348","10,883","10,259","13,590","12,787","12,957","10,933","7,648","6,569","5,948","3,538","1,678",691,269,231
2018,종로구,등록외국인,"9,961",168,156,100,784,"3,309","1,215",802,688,522,573,568,630,276,107,27,16,11,8,1,-,-
2018,중구,계,"135,633","4,185","3,935","3,453","4,964","9,842","11,591","11,116","11,435","9,473","10,902","10,879","11,800","10,053","6,750","5,468","4,682","2,793","1,414",535,184,179
2018,중구,한국인,"125,725","3,893","3,704","3,282","4,411","7,866","10,401","10,092","10,678","8,784","10,184","10,085","10,939","9,656","6,620","5,423","4,641","2,770","1,403",533,181,179
2018,중구,등록외국인,"9,908",292,231,171,553,"1,976","1,190","1,024",757,689,718,794,861,397,130,45,41,23,11,2,3,-
2018,용산구,계,"245,090","7,839","8,333","8,097","10,161","15,347","20,399","20,700","21,848","18,534","21,672","19,035","19,244","16,241","11,019","9,120","8,032","5,232","2,525","1,005",368,339
2018,용산구,한국인,"228,999","7,154","7,552","7,532","9,617","13,886","18,629","18,468","19,817","16,858","20,272","17,911","18,336","15,755","10,782","9,022","7,973","5,212","2,521","1,000",365,337
2018,용산구,등록외국인,"16,091",685,781,565,544,"1,461","1,770","2,232","2,031","1,676","1,400","1,124",908,486,237,98,59,20,4,5,3,2
2018,성동구,계,"316,463","12,345","11,081","10,222","13,137","23,163","26,888","26,102","28,711","23,476","26,817","25,169","25,698","20,887","13,756","11,127","9,073","5,307","2,239",790,243,232
2018,성동구,한국인,"308,221","12,124","10,953","10,161","12,808","21,164","25,733","25,248","28,111","22,986","26,245","24,468","24,981","20,610","13,669","11,106","9,060","5,300","2,235",789,241,229
2018,성동구,등록외국인,"8,242",221,128,61,329,"1,999","1,155",854,600,490,572,701,717,277,87,21,13,7,4,1,2,3
2018,광진구,계,"371,063","11,578","12,357","12,966","17,274","30,131","36,505","31,541","31,339","26,618","31,484","29,663","30,049","23,939","15,380","12,100","9,292","5,251","2,320",826,260,190
2018,광진구,한국인,"355,559","11,122","12,060","12,825","16,409","26,671","34,585","30,081","30,366","25,848","30,316","28,133","28,294","23,417","15,262","12,069","9,278","5,234","2,316",825,258,190
2018,광진구,등록외국인,"15,504",456,297,141,865,"3,460","1,920","1,460",973,770,"1,168","1,530","1,755",522,118,31,14,17,4,1,2,-
2018,동대문구,계,"364,338","11,347","11,970","11,641","16,258","32,448","31,210","25,802","28,992","25,519","29,438","27,730","29,134","25,684","17,987","15,070","12,490","6,986","2,950","1,070",353,259
2018,동대문구,한국인,"348,052","11,083","11,813","11,543","14,990","25,740","28,549","24,523","28,266","24,950","28,780","27,020","28,403","25,401","17,891","15,035","12,473","6,968","2,944","1,068",353,259
2018,동대문구,등록외국인,"16,286",264,157,98,"1,268","6,708","2,661","1,279",726,569,658,710,731,283,96,35,17,18,6,2,-,-
2018,중랑구,계,"408,147","13,005","13,616","13,147","17,662","26,693","31,877","30,049","33,298","27,961","34,426","35,236","37,782","31,565","21,151","16,575","12,774","6,890","2,899","1,058",314,169
2018,중랑구,한국인,"403,209","12,808","13,485","13,062","17,527","26,247","31,243","29,381","32,796","27,606","33,930","34,711","37,297","31,368","21,095","16,559","12,770","6,887","2,896","1,058",314,169
2018,중랑구,등록외국인,"4,938",197,131,85,135,446,634,668,502,355,496,525,485,197,56,16,4,3,3,-,-,-
2018,성북구,계,"447,687","14,236","17,443","18,158","23,057","35,906","34,303","29,124","34,575","33,499","40,663","34,853","34,298","29,790","21,077","17,598","14,930","8,479","3,636","1,329",400,333
2018,성북구,한국인,"435,868","14,022","17,301","18,056","22,030","31,159","32,431","28,069","33,939","33,061","40,198","34,441","33,906","29,609","21,011","17,568","14,910","8,469","3,628","1,329",399,332
2018,성북구,등록외국인,"11,819",214,142,102,"1,027","4,747","1,872","1,055",636,438,465,412,392,181,66,30,20,10,8,-,1,1
2018,강북구,계,"322,915","8,683","10,390","10,747","14,666","21,688","23,249","20,120","24,164","22,853","28,337","26,643","28,378","24,801","18,223","15,796","13,091","6,866","2,718",960,311,231
2018,강북구,한국인,"319,164","8,589","10,332","10,723","14,538","21,142","22,700","19,647","23,799","22,607","28,054","26,280","27,990","24,660","18,177","15,771","13,083","6,860","2,714",959,310,229
2018,강북구,등록외국인,"3,751",94,58,24,128,546,549,473,365,246,283,363,388,141,46,25,8,6,4,1,1,2
2018,도봉구,계,"341,649","10,309","11,969","12,703","17,091","23,047","23,735","20,985","25,098","23,562","29,942","28,999","30,940","27,305","17,952","14,433","12,022","6,759","3,197","1,150",305,146
2018,도봉구,한국인,"339,413","10,250","11,934","12,679","17,020","22,711","23,384","20,669","24,863","23,386","29,744","28,818","30,797","27,232","17,933","14,422","12,018","6,757","3,196","1,149",305,146
2018,도봉구,등록외국인,"2,236",59,35,24,71,336,351,316,235,176,198,181,143,73,19,11,4,2,1,1,-,-
2018,노원구,계,"548,160","17,222","21,047","25,948","34,889","42,028","36,323","32,181","39,995","41,100","53,009","45,757","44,207","37,358","25,040","19,279","16,052","9,757","4,651","1,617",458,242
2018,노원구,한국인,"543,752","17,146","21,001","25,920","34,524","40,739","35,632","31,707","39,669","40,848","52,750","45,508","44,014","37,262","25,011","19,260","16,043","9,753","4,650","1,616",458,241
2018,노원구,등록외국인,"4,408",76,46,28,365,"1,289",691,474,326,252,259,249,193,96,29,19,9,4,1,1,-,1
2018,은평구,계,"487,666","15,632","17,981","18,854","24,311","31,112","35,063","32,922","40,100","37,090","43,769","38,801","40,017","34,594","24,490","20,540","16,795","9,489","3,900","1,419",403,384
2018,은평구,한국인,"483,197","15,508","17,891","18,788","24,117","30,784","34,533","32,292","39,570","36,709","43,386","38,370","39,602","34,384","24,415","20,503","16,773","9,474","3,894","1,417",403,384
2018,은평구,등록외국인,"4,469",124,90,66,194,328,530,630,530,381,383,431,415,210,75,37,22,15,6,2,-,-
2018,서대문구,계,"323,080","10,301","11,186","11,246","15,351","27,283","27,975","22,459","24,796","22,926","27,429","25,158","25,210","21,304","14,849","12,907","11,353","6,822","2,891","1,055",330,249
2018,서대문구,한국인,"310,313","10,152","11,028","11,056","14,457","22,754","25,673","21,436","24,090","22,407","26,912","24,683","24,674","20,946","14,674","12,802","11,298","6,776","2,872","1,048",328,247
2018,서대문구,등록외국인,"12,767",149,158,190,894,"4,529","2,302","1,023",706,519,517,475,536,358,175,105,55,46,19,7,2,2
2018,마포구,계,"386,359","14,004","14,110","14,540","17,097","28,447","36,110","33,782","35,386","30,991","33,886","28,020","27,091","22,062","15,264","13,072","11,124","6,664","3,042","1,007",364,296
2018,마포구,한국인,"375,077","13,805","13,941","14,386","16,562","25,528","34,033","32,513","34,450","30,360","33,309","27,392","26,506","21,748","15,114","13,007","11,089","6,647","3,028","1,003",361,295
2018,마포구,등록외국인,"11,282",199,169,154,535,"2,919","2,077","1,269",936,631,577,628,585,314,150,65,35,17,14,4,3,1
2018,양천구,계,"468,145","14,767","20,225","25,035","30,176","31,858","30,721","28,317","35,406","37,021","46,492","40,737","38,206","31,139","20,902","15,041","10,840","6,425","3,195","1,131",347,164
2018,양천구,한국인,"464,185","14,651","20,141","24,984","30,117","31,659","30,294","27,813","35,004","36,637","46,045","40,212","37,729","30,958","20,842","15,017","10,833","6,418","3,191","1,131",346,163
2018,양천구,등록외국인,"3,960",116,84,51,59,199,427,504,402,384,447,525,477,181,60,24,7,7,4,-,1,1
2018,강서구,계,"603,611","23,269","23,814","22,439","27,188","37,547","50,707","51,656","56,867","46,416","49,100","44,054","48,672","42,222","28,583","20,984","14,847","8,606","4,337","1,664",430,209
2018,강서구,한국인,"596,949","23,000","23,680","22,377","27,104","37,273","50,004","50,717","56,101","45,885","48,412","43,281","47,817","41,853","28,459","20,941","14,815","8,595","4,333","1,663",430,209
2018,강서구,등록외국인,"6,662",269,134,62,84,274,703,939,766,531,688,773,855,369,124,43,32,11,4,1,-,-
2018,구로구,계,"438,486","16,290","17,190","15,296","18,119","25,724","32,574","33,456","38,593","33,987","38,079","36,588","39,114","31,675","21,911","16,731","12,209","6,789","2,776",956,274,155
2018,구로구,한국인,"404,497","15,019","16,375","14,869","17,754","24,735","30,395","30,003","35,584","31,190","33,626","31,001","33,138","29,703","21,454","16,610","12,151","6,755","2,760",947,273,155
2018,구로구,등록외국인,"33,989","1,271",815,427,365,989,"2,179","3,453","3,009","2,797","4,453","5,587","5,976","1,972",457,121,58,34,16,9,1,-
2018,금천구,계,"254,021","8,169","7,865","7,396","9,878","15,750","21,480","19,795","20,109","17,529","22,401","23,845","25,366","18,699","12,580","9,545","7,344","3,739","1,625",573,181,152
2018,금천구,한국인,"233,917","7,330","7,327","7,185","9,731","15,309","20,278","17,783","18,432","15,869","19,560","20,387","21,712","17,660","12,316","9,483","7,314","3,725","1,616",568,181,151
2018,금천구,등록외국인,"20,104",839,538,211,147,441,"1,202","2,012","1,677","1,660","2,841","3,458","3,654","1,039",264,62,30,14,9,5,-,1
2018,영등포구,계,"403,600","14,974","13,577","12,088","14,892","23,176","35,332","36,719","36,042","29,656","34,562","33,939","35,616","27,354","18,416","14,479","11,436","6,802","2,919","1,056",316,249
2018,영등포구,한국인,"367,778","13,611","12,678","11,574","14,552","22,338","33,206","33,176","33,034","26,789","29,846","27,807","29,044","25,217","17,929","14,350","11,365","6,761","2,898","1,043",311,249
2018,영등포구,등록외국인,"35,822","1,363",899,514,340,838,"2,126","3,543","3,008","2,867","4,716","6,132","6,572","2,137",487,129,71,41,21,13,5,-
2018,동작구,계,"409,385","13,785","14,555","13,654","17,525","31,800","38,171","33,169","34,720","30,011","32,979","30,327","31,949","27,261","19,282","15,869","12,389","7,060","3,083","1,179",347,270
2018,동작구,한국인,"396,203","13,499","14,384","13,572","16,888","28,661","36,674","32,005","33,937","29,357","31,947","28,898","30,393","26,723","19,152","15,834","12,369","7,042","3,077","1,177",347,267
2018,동작구,등록외국인,"13,182",286,171,82,637,"3,139","1,497","1,164",783,654,"1,032","1,429","1,556",538,130,35,20,18,6,2,-,3
2018,관악구,계,"520,040","13,988","14,173","14,145","18,921","41,646","66,354","50,164","44,465","35,715","39,955","36,540","38,895","32,830","24,482","19,927","15,265","7,688","3,128","1,139",328,292
2018,관악구,한국인,"501,957","13,371","13,794","13,944","18,615","40,183","64,277","48,106","42,922","34,521","38,107","34,123","36,204","31,902","24,256","19,861","15,237","7,666","3,116","1,132",328,292
2018,관악구,등록외국인,"18,083",617,379,201,306,"1,463","2,077","2,058","1,543","1,194","1,848","2,417","2,691",928,226,66,28,22,12,7,-,-
2018,서초구,계,"438,163","16,015","21,796","22,891","24,291","26,556","31,473","31,783","38,462","38,118","42,630","32,956","29,880","26,561","18,978","15,167","10,177","5,809","2,782","1,244",407,187
2018,서초구,한국인,"433,951","15,858","21,609","22,735","24,197","26,304","30,984","31,130","37,902","37,637","42,240","32,611","29,622","26,459","18,932","15,146","10,170","5,800","2,781","1,241",406,187
2018,서초구,등록외국인,"4,212",157,187,156,94,252,489,653,560,481,390,345,258,102,46,21,7,9,1,3,1,-
2018,강남구,계,"547,453","16,532","22,889","27,476","33,643","35,734","42,140","41,547","47,747","45,946","54,344","42,844","36,872","32,654","23,679","18,636","12,153","6,872","3,507","1,513",480,245
2018,강남구,한국인,"542,364","16,438","22,804","27,415","33,550","35,266","41,202","40,578","47,113","45,504","53,967","42,518","36,560","32,492","23,611","18,600","12,141","6,865","3,504","1,512",480,244
2018,강남구,등록외국인,"5,089",94,85,61,93,468,938,969,634,442,377,326,312,162,68,36,12,7,3,1,-,1
2018,송파구,계,"673,507","25,575","28,591","28,893","34,622","43,001","52,917","54,859","61,250","52,518","58,778","52,200","53,114","45,825","30,618","21,596","14,288","8,237","4,191","1,685",501,248
2018,송파구,한국인,"666,635","25,346","28,423","28,815","34,509","42,666","52,188","53,931","60,495","51,965","58,000","51,313","52,264","45,509","30,523","21,568","14,270","8,229","4,187","1,685",501,248
2018,송파구,등록외국인,"6,872",229,168,78,113,335,729,928,755,553,778,887,850,316,95,28,18,8,4,-,-,-
2018,강동구,계,"431,920","14,952","17,065","17,611","21,712","27,170","31,697","31,149","37,044","32,696","37,149","34,760","37,448","32,697","21,754","15,713","10,592","5,979","2,958","1,221",342,211
2018,강동구,한국인,"427,573","14,818","16,973","17,567","21,661","26,954","31,258","30,633","36,600","32,314","36,617","34,194","36,823","32,492","21,690","15,692","10,585","5,974","2,956","1,220",342,210
2018,강동구,등록외국인,"4,347",134,92,44,51,216,439,516,444,382,532,566,625,205,64,21,7,5,2,1,-,1
2019,합계,계,"10,010,983","308,979","368,373","374,510","459,621","687,693","846,081","755,347","807,231","744,593","859,556","803,690","796,430","713,607","493,045","390,166","295,933","179,234","80,837","30,921","8,870","6,266"
2019,합계,한국인,"9,729,107","300,799","361,894","370,557","449,014","641,964","814,659","725,858","784,101","725,112","835,871","775,779","764,189","700,646","489,156","388,790","295,297","178,836","80,651","30,848","8,842","6,244"
2019,합계,등록외국인,"281,876","8,180","6,479","3,953","10,607","45,729","31,422","29,489","23,130","19,481","23,685","27,911","32,241","12,961","3,889","1,376",636,398,186,73,28,22
2019,종로구,계,"161,869","3,689","4,825","5,256","7,507","14,593","13,958","11,008","10,905","10,550","13,615","13,323","13,545","11,576","7,959","6,754","5,858","3,849","1,844",727,275,253
2019,종로구,한국인,"151,290","3,540","4,671","5,153","6,595","10,924","12,648","10,172","10,204","9,981","13,096","12,768","12,946","11,274","7,854","6,702","5,836","3,836","1,837",725,275,253
2019,종로구,등록외국인,"10,579",149,154,103,912,"3,669","1,310",836,701,569,519,555,599,302,105,52,22,13,7,2,-,-
2019,중구,계,"136,488","4,021","3,949","3,347","4,662","9,817","12,105","11,237","11,281","9,391","10,531","10,959","11,589","10,324","7,187","5,728","4,756","3,061","1,518",632,206,187
2019,중구,한국인,"126,171","3,693","3,696","3,154","4,154","7,682","10,791","10,202","10,460","8,678","9,813","10,229","10,727","9,918","7,030","5,671","4,709","3,037","1,505",631,204,187
2019,중구,등록외국인,"10,317",328,253,193,508,"2,135","1,314","1,035",821,713,718,730,862,406,157,57,47,24,13,1,2,-
2019,용산구,계,"245,185","7,504","8,133","7,889","9,626","15,253","21,037","20,748","21,507","18,287","21,037","19,598","18,966","16,809","11,413","9,306","7,979","5,533","2,673","1,129",403,355
2019,용산구,한국인,"228,670","6,808","7,324","7,307","9,084","13,682","19,155","18,588","19,445","16,541","19,618","18,440","18,019","16,313","11,172","9,201","7,921","5,506","2,670","1,123",400,353
2019,용산구,등록외국인,"16,515",696,809,582,542,"1,571","1,882","2,160","2,062","1,746","1,419","1,158",947,496,241,105,58,27,3,6,3,2
2019,성동구,계,"308,979","11,370","10,928","9,645","12,316","22,455","26,763","25,183","27,121","22,796","25,348","24,810","24,905","21,392","14,118","11,307","9,155","5,567","2,458",869,236,237
2019,성동구,한국인,"300,889","11,181","10,802","9,576","11,859","20,347","25,638","24,419","26,545","22,344","24,825","24,187","24,259","21,111","14,022","11,280","9,144","5,560","2,454",868,234,234
2019,성동구,등록외국인,"8,090",189,126,69,457,"2,108","1,125",764,576,452,523,623,646,281,96,27,11,7,4,1,2,3
2019,광진구,계,"366,972","10,307","12,122","12,482","16,225","29,842","37,545","31,069","29,529","26,106","30,161","29,571","29,113","24,998","16,207","12,485","9,514","5,782","2,502",936,271,205
2019,광진구,한국인,"351,350","9,873","11,784","12,326","15,247","26,183","35,568","29,666","28,509","25,329","29,161","28,218","27,420","24,385","16,066","12,447","9,496","5,766","2,496",936,269,205
2019,광진구,등록외국인,"15,622",434,338,156,978,"3,659","1,977","1,403","1,020",777,"1,000","1,353","1,693",613,141,38,18,16,6,-,2,-
2019,동대문구,계,"363,023","10,735","11,805","11,312","15,206","32,766","32,363","25,634","27,823","25,194","28,382","27,816","28,220","26,417","18,766","15,406","12,590","7,476","3,308","1,144",384,276
2019,동대문구,한국인,"346,194","10,467","11,648","11,211","14,016","25,485","29,543","24,362","27,096","24,657","27,806","27,117","27,491","26,125","18,664","15,368","12,574","7,462","3,301","1,141",384,276
2019,동대문구,등록외국인,"16,829",268,157,101,"1,190","7,281","2,820","1,272",727,537,576,699,729,292,102,38,16,14,7,3,-,-
2019,중랑구,계,"402,024","11,975","13,095","12,623","16,115","25,102","32,307","29,263","31,439","27,542","32,582","34,926","36,909","32,982","22,285","17,278","13,089","7,590","3,221","1,189",326,186
2019,중랑구,한국인,"397,015","11,768","12,944","12,531","16,001","24,589","31,662","28,568","30,954","27,170","32,145","34,460","36,401","32,757","22,222","17,252","13,085","7,588","3,217","1,189",326,186
2019,중랑구,등록외국인,"5,009",207,151,92,114,513,645,695,485,372,437,466,508,225,63,26,4,2,4,-,-,-
2019,성북구,계,"454,744","13,848","17,483","17,664","22,629","37,032","36,053","29,692","34,124","32,990","40,412","36,275","34,354","31,338","21,956","18,156","15,097","9,397","3,983","1,497",400,364
2019,성북구,한국인,"442,650","13,663","17,331","17,568","21,534","32,098","34,172","28,595","33,446","32,546","39,995","35,862","33,979","31,162","21,885","18,127","15,071","9,383","3,974","1,497",399,363
2019,성북구,등록외국인,"12,094",185,152,96,"1,095","4,934","1,881","1,097",678,444,417,413,375,176,71,29,26,14,9,-,1,1
2019,강북구,계,"317,695","7,766","9,801","10,322","13,476","20,968","23,504","19,498","22,375","21,993","27,478","26,808","27,489","25,640","18,748","16,247","13,379","7,636","2,929","1,084",318,236
2019,강북구,한국인,"313,954","7,679","9,741","10,294","13,366","20,366","22,984","19,007","22,028","21,731","27,198","26,488","27,118","25,480","18,697","16,218","13,369","7,632","2,925","1,082",317,234
2019,강북구,등록외국인,"3,741",87,60,28,110,602,520,491,347,262,280,320,371,160,51,29,10,4,4,2,1,2
2019,도봉구,계,"335,631","9,189","11,571","11,975","15,836","21,808","23,806","20,247","23,709","22,685","28,767","28,915","29,964","28,445","19,006","14,951","12,190","7,449","3,399","1,244",316,159
2019,도봉구,한국인,"333,362","9,127","11,538","11,949","15,782","21,472","23,450","19,893","23,483","22,498","28,573","28,740","29,815","28,378","18,979","14,937","12,185","7,447","3,398","1,243",316,159
2019,도봉구,등록외국인,"2,269",62,33,26,54,336,356,354,226,187,194,175,149,67,27,14,5,2,1,1,-,-
2019,노원구,계,"537,303","15,356","20,550","24,639","32,536","40,380","36,196","31,073","37,088","39,444","50,962","46,364","43,038","38,754","26,350","20,311","16,257","10,467","5,044","1,749",492,253
2019,노원구,한국인,"532,905","15,274","20,491","24,612","32,236","39,067","35,514","30,568","36,762","39,176","50,728","46,130","42,826","38,667","26,313","20,295","16,247","10,463","5,044","1,748",492,252
2019,노원구,등록외국인,"4,398",82,59,27,300,"1,313",682,505,326,268,234,234,212,87,37,16,10,4,-,1,-,1
2019,은평구,계,"484,546","14,427","17,472","18,202","22,771","30,174","36,624","32,581","38,294","36,135","42,871","39,268","38,996","35,993","25,474","21,293","16,960","10,380","4,238","1,571",425,397
2019,은평구,한국인,"480,032","14,303","17,380","18,130","22,577","29,833","36,091","31,951","37,776","35,752","42,471","38,862","38,579","35,760","25,392","21,254","16,936","10,365","4,230","1,568",425,397
2019,은평구,등록외국인,"4,514",124,92,72,194,341,533,630,518,383,400,406,417,233,82,39,24,15,8,3,-,-
2019,서대문구,계,"323,171","9,600","11,136","10,999","14,924","27,421","28,802","22,567","23,982","22,399","26,786","25,501","24,887","22,093","15,247","13,138","11,225","7,501","3,140","1,191",353,279
2019,서대문구,한국인,"309,397","9,450","10,945","10,806","13,809","22,419","26,415","21,409","23,272","21,863","26,233","25,040","24,364","21,727","15,065","13,018","11,172","7,459","3,120","1,185",349,277
2019,서대문구,등록외국인,"13,774",150,191,193,"1,115","5,002","2,387","1,158",710,536,553,461,523,366,182,120,53,42,20,6,4,2
2019,마포구,계,"385,925","13,043","13,901","14,057","16,522","28,822","37,358","33,436","34,386","30,302","33,402","28,716","26,604","22,947","15,590","13,268","11,188","7,236","3,289","1,182",356,320
2019,마포구,한국인,"374,035","12,847","13,713","13,897","15,830","25,533","35,202","32,201","33,445","29,630","32,838","28,143","26,027","22,625","15,419","13,193","11,147","7,217","3,278","1,178",354,318
2019,마포구,등록외국인,"11,890",196,188,160,692,"3,289","2,156","1,235",941,672,564,573,577,322,171,75,41,19,11,4,2,2
2019,양천구,계,"462,285","13,264","20,089","24,455","28,256","30,629","31,055","27,423","33,361","36,357","45,111","40,721","37,702","32,598","22,157","15,956","11,171","6,846","3,381","1,240",342,171
2019,양천구,한국인,"458,165","13,156","20,000","24,390","28,193","30,337","30,627","26,893","32,942","35,968","44,692","40,217","37,207","32,396","22,095","15,926","11,161","6,839","3,375","1,240",341,170
2019,양천구,등록외국인,"4,120",108,89,65,63,292,428,530,419,389,419,504,495,202,62,30,10,7,6,-,1,1
2019,강서구,계,"598,273","20,904","23,465","21,684","25,899","35,759","52,571","50,875","53,866","46,080","48,424","44,006","46,593","44,070","30,006","22,350","15,282","9,327","4,590","1,833",471,218
2019,강서구,한국인,"591,796","20,648","23,320","21,616","25,826","35,481","51,937","49,954","53,124","45,481","47,795","43,289","45,778","43,708","29,872","22,298","15,252","9,314","4,582","1,832",471,218
2019,강서구,등록외국인,"6,477",256,145,68,73,278,634,921,742,599,629,717,815,362,134,52,30,13,8,1,-,-
2019,구로구,계,"439,371","15,662","16,981","15,131","17,257","25,101","33,305","33,514","37,240","33,739","37,366","36,394","38,684","33,218","23,095","17,800","12,776","7,432","3,121","1,100",299,156
2019,구로구,한국인,"406,664","14,397","16,104","14,676","16,903","24,141","31,511","30,262","34,392","31,016","33,431","31,413","32,580","30,906","22,521","17,652","12,721","7,388","3,107","1,089",298,156
2019,구로구,등록외국인,"32,707","1,265",877,455,354,960,"1,794","3,252","2,848","2,723","3,935","4,981","6,104","2,312",574,148,55,44,14,11,1,-
2019,금천구,계,"251,820","7,446","7,705","7,117","9,108","15,210","22,406","19,757","19,330","17,042","21,129","23,132","24,953","19,825","13,212","10,068","7,489","4,143","1,799",605,175,169
2019,금천구,한국인,"232,810","6,624","7,122","6,854","8,951","14,787","21,454","17,949","17,717","15,489","18,702","20,016","21,334","18,615","12,896","9,979","7,461","4,130","1,787",602,173,168
2019,금천구,등록외국인,"19,010",822,583,263,157,423,952,"1,808","1,613","1,553","2,427","3,116","3,619","1,210",316,89,28,13,12,3,2,1
2019,영등포구,계,"400,986","14,111","13,494","11,733","14,015","22,602","36,612","36,846","35,177","29,297","32,894","32,966","34,853","28,514","19,037","15,013","11,484","7,352","3,228","1,150",338,270
2019,영등포구,한국인,"367,678","12,883","12,564","11,192","13,667","21,731","34,924","33,614","32,372","26,642","28,882","27,733","28,435","26,082","18,444","14,850","11,416","7,304","3,206","1,136",332,269
2019,영등포구,등록외국인,"33,308","1,228",930,541,348,871,"1,688","3,232","2,805","2,655","4,012","5,233","6,418","2,432",593,163,68,48,22,14,6,1
2019,동작구,계,"408,912","12,708","14,297","13,357","16,860","31,549","39,776","33,147","32,867","29,677","32,302","30,520","31,421","28,205","19,985","16,507","12,656","7,651","3,448","1,319",370,290
2019,동작구,한국인,"395,963","12,473","14,123","13,266","16,185","28,188","38,194","32,056","32,105","29,050","31,434","29,357","29,901","27,637","19,839","16,469","12,637","7,632","3,442","1,318",370,287
2019,동작구,등록외국인,"12,949",235,174,91,675,"3,361","1,582","1,091",762,627,868,"1,163","1,520",568,146,38,19,19,6,1,-,3
2019,관악구,계,"517,334","12,322","13,694","13,494","17,745","41,202","69,774","50,342","41,882","34,770","38,826","36,521","37,689","33,879","24,946","20,530","15,783","8,617","3,424","1,248",341,305
2019,관악구,한국인,"500,094","11,775","13,322","13,277","17,423","39,760","67,627","48,368","40,490","33,650","37,219","34,456","35,080","32,860","24,683","20,453","15,758","8,594","3,412","1,242",340,305
2019,관악구,등록외국인,"17,240",547,372,217,322,"1,442","2,147","1,974","1,392","1,120","1,607","2,065","2,609","1,019",263,77,25,23,12,6,1,-
2019,서초구,계,"435,107","14,840","21,503","22,494","23,731","25,851","31,347","31,463","36,523","37,414","42,069","33,815","29,565","27,356","19,412","15,893","10,646","6,239","2,960","1,365",412,209
2019,서초구,한국인,"430,826","14,693","21,308","22,339","23,624","25,603","30,828","30,845","35,957","36,908","41,660","33,496","29,283","27,246","19,359","15,872","10,635","6,230","2,958","1,362",412,208
2019,서초구,등록외국인,"4,281",147,195,155,107,248,519,618,566,506,409,319,282,110,53,21,11,9,2,3,-,1
2019,강남구,계,"550,209","15,439","23,402","28,114","32,497","34,690","42,754","41,270","45,900","46,859","53,979","44,027","36,818","33,435","24,599","19,859","13,042","7,357","3,705","1,706",485,272
2019,강남구,한국인,"545,169","15,369","23,335","28,063","32,388","34,181","41,785","40,309","45,314","46,394","53,610","43,717","36,529","33,279","24,531","19,823","13,030","7,350","3,703","1,703",485,271
2019,강남구,등록외국인,"5,040",70,67,51,109,509,969,961,586,465,369,310,289,156,68,36,12,7,2,3,-,1
2019,송파구,계,"682,741","24,742","29,288","28,804","33,042","42,090","54,975","55,673","60,594","53,825","58,090","53,561","52,544","48,179","32,847","23,357","15,127","8,875","4,488","1,860",510,270
2019,송파구,한국인,"675,961","24,527","29,107","28,709","32,964","41,736","54,273","54,723","59,804","53,263","57,388","52,751","51,698","47,836","32,762","23,322","15,107","8,867","4,485","1,859",510,270
2019,송파구,등록외국인,"6,780",215,181,95,78,354,702,950,790,562,702,810,846,343,85,35,20,8,3,1,-,-
2019,강동구,계,"440,390","14,711","17,684","17,715","20,860","26,577","33,085","31,801","36,928","33,719","37,032","35,177","37,029","34,620","23,443","17,205","11,240","6,471","3,147","1,351",366,229
2019,강동구,한국인,"436,067","14,581","17,581","17,661","20,800","26,339","32,666","31,284","36,459","33,355","36,558","34,650","36,393","34,399","23,374","17,183","11,227","6,467","3,145","1,351",366,228
2019,강동구,등록외국인,"4,323",130,103,54,60,238,419,517,469,364,474,527,636,221,69,22,13,4,2,-,-,1
